author,title,topic
optionhome,Do Trump-Supporters Live in an Alternate Universe? Actually a huge number of Americans have a false impression of reality because they are being told lies by their media. The people who constantly hear these lies do live in an "alternate reality.",Society
cavboy2flyboy,Trump campaign says Sidney Powell not a member of legal team,Government
Qplus17,"In Apparent Glitch, Voting Machines Hunt Down And Murder Trump Supporters",Election
Nucka574,"Sidney Powell Confirms Non-Affiliation With Trump Legal Team, Vows to Continue Fraud Fight",Government
guanaco55,"Sidney Powell Responds to Trump Campaign's Statement Saying She's Not Part of Legal Team -- Powell said her fight will go on anyway and closed her statement with the hashtag, ""#KrakenOnSteroids""",Government
guanaco55,"Why The Left Can Be So Ridiculously Self-Righteous Without Realizing It -- What we saw in the lead up to the elections, and what we?ll witness for years to come, is utter contempt for Trump voters and conservatives in general.",Government
tenshon,Two-thirds of GOP voters support Trump running for president in 2024: survey,Election
unspecialnoob,5 More Ways Joe Biden Magically Outperformed Election Norms,Election
Snipuh21,Democrat House Losses Stemmed From Trump Increasing Voter Turnout: Rep. Richmond,Election
guanaco55,Lou Dobbs Warns the GOP: Republican Party ?Will Be Gone and Done? If They Don?t Stand With President Trump,Opinion
guanaco55,A Neighbor You Like Probably Voted For Trump,Election
nobody65,"Trump obsession: Democrats tweet about him 12,569 times to 486 about Biden",Government
guanaco55,"Bombshell: Biden takes min 98% of a 23,487 vote batch at 12:18AM in GA",Opinion
triggernaut,"Trump Pulls Out Of Military Transparency Treaty With Russia, Europe",External
livinginbizzaroworld,Putin Says He?s Not Ready to Recognize Biden as U.S. President,External
freq-ee,Trump?s legal team?s statement on Sydney Powell was made to focus on the upcoming Supreme Court case. There are two separate legal pathways. One on equal protection and PA voting rules (most important right now). The second is Dominion software which will take longer.,Government
XIIXOO,"These 21 GOP Senators Show ?Extreme Contempt? For Trump In Private, According To Carl Bernstein",Government
guanaco55,"How Trump Responded When Liz Cheney Called on Him to Concede: ""Sorry Liz, can?t accept the results of an election with hundreds of thousands of fraudulent votes cast, enough to easily flip the Election. You?re just unhappy that I?m bringing the troops back home where they belong!""",Election
guanaco55,Trump: More Votes Than Voters in Key Swing States,Election
HighRoller390,Watergate journalist Carl Bernstein outs 21 Republican senators who 'privately' expressed 'extreme contempt' for Trump.,Government
theradiostarz,Trump Campaign Formally Requests a Recount in Georgia,Election
Shlomo_Maistre,"Trump campaign demands recount, signature matching in Georgia",Election
AnotherNewRddt,Federal judge dismisses Trump campaign?s Pennsylvania case,Regional
Winterhold2000,Open Letter Calls on Harvard to Create 'System of Accountability' for Inviting Trump Admin Alums to Campus,Society
Dale_Gunther,5 More Ways Joe Biden Magically Outperformed Election Norms,Election
oz4ut,BREAKING: FDA Grants Emergency Use Authorization To Antibody Cocktail Used By Trump,Society
Coogrrr94,Mike Flynn Jr. adds twist to Trump team?s statement on Sidney Powell: ?Give this the 24hr rule ??,Government
Winterhold2000,How to explain Latino support for Trump? ABC News reports misleading memes went viral in Latino communities,Society
nobody65,Reap What You Sow: Media Who Coddled Biden for Months Now Complain About Mistreatment,Election
ChunkyArsenio,Julie Burchill: President Trump has loved and been great for Israel,External
guanaco55,"All Republicans should support President Trump's legal fights -- Any who believe that buddying up to the Biden team is a symbol of unity, and better for America, have already abandoned Trump, conservatism, and America.",Government
0ldManFrank,Omar Urges Biden To Reverse Trump's Agreements In The Middle East And Claims They Were "Not Peace Deals",Opinion
whitten93,Professor causes uproar asking Biden voters to unfriend him,Society
guanaco55,"Devout Catholic Joe Biden, our most pro-abortion president",Government
TheYoungLung,Trump Lawyer Sidney Powell Promises 'Biblical' Lawsuit in Coming Days,Government
oz4ut,"BLM Founders Demand Joe Biden Support A 'Roadmap' To Abolition Of Police, Prisons",Opinion
whitten93,Trump Derangement Syndrome in Democrats won't go away with Trump,Government
InkyScrolls,Philly Bans All Indoor Gatherings Unless You're Still Counting Biden Votes,Society
guanaco55,Trump campaign adviser Steve Cortes: Sudden Stop In Mail-In Vote Count 'Suspicious' -- Particularly since it was followed by a "deluge" of votes for Joe Biden in key battleground states.,Opinion
guanaco55,Trump Team Files for Fresh Recount in Georgia?s Presidential Race,Election
Foubar_ghost,CNN Condemns Trump Rallies As 'Physically Peaceful But Morally Violent',Opinion
newaccttrial,Dominion responds to Trump team claims,Election
subtle-distruption,President Trump Wanted a Supreme Court Election Battle. His Current Appeal Simply Cannot Get Him There.,Election
Snipuh21,China Issues Instructions for ?Incoming Biden Administration?,External
Winterhold2000,GOP senator says Trump to Biden transition should begin 'tomorrow morning',Opinion
theradiostarz,Latest: Why a Federal Judge Tossed Out One of the Trump Campaign's PA Lawsuits,Government
guanaco55,Ilhan Omar Urges Biden to ?Reverse? President Trump?s Middle East Agreements -- Thinks that peace between Israel and Arab nations is a bad thing.,Opinion
mrquestions666,An statement from Senator Toomey regarding the Pennyslvania Federal Court decision regarding the Trump campaign lawsuit.,Regional
Throw1272,Judge Dismisses Trump Campaign Suit to Invalidate PA Election Certification With Prejudice,Election
radunas,"Chinese Warn Against Communism at Trump Rally, Tell Americans to Speak Out",External
tenshon,Scranton dedicates 'Joe Biden Way' to honor president-elect,Government
0ldManFrank,Hispanic Voters In Florida Who Fled Dictatorships Think The Election Was Stolen From Trump,Regional
interestingfactoid,Pennsylvania election: Trump appeals dismissal of bid to block vote certification,Regional
PettyWitch,The Death Star Strategy: Is Trump Contemplating The Ultimate Constitutional Trick Shot?,Government
canfbar,Do Trump Supporters Live in an Alternate Universe?,Society
AddictedReddit,"Obama won first election by invalidating signatures, filing complaints similar to Trump's",Government
adp_17,DHS officials warn illegal border crossings are surging in anticipation of Biden presidency,Opinion
knownbuyer3,Actor Scott Baio threatens to move to Utah to unseat Sen. Mitt Romney after his anti-Trump tweet,Opinion
Jorgzs,Pennsylvania Judge Dismisses Trump Campaign's Challenge to Pennsylvania Election Law,Regional
TheBaronOfTheNorth,Ben Carson: Trump Saved My Life After I Got COVID,Opinion
guanaco55,Federal Election Commission Chair: Trump Campaign Has Legitimate Claims of Election Fraud,Opinion
nobody65,GOP Can't Let Trump-Hating Squishes Take Over the Party Now,Government
Jezza_18,"Trump Orders Hasty Afghanistan, Iraq Drawdowns to Beat Biden Inauguration",External
MuniPal,Trump campaign attorney responds to Pennsylvania ruling &amp; they?re grateful,Regional
guanaco55,Trump Warns 'Massive Fraud' to Be Uncovered in Michigan Vote,Regional
livinginbizzaroworld,"Report: Maryland Gov. Larry Hogan, Anti-Trump Hero, Paid for Flawed Coronavirus Tests from South Korea",Regional
adp_17,Donald Trump Improved Standing With Latinos In 78 Of America?s 100 Majority-Hispanic Counties,Society
knownbuyer3,Philly Bans All Indoor Gatherings Unless You're Still Counting Biden Votes,Society
RedofPaw,Trump camp's lawsuit struck down in Pennsylvania,Government
AtmanRising,Pa. Senator Pat Toomey Says President Trump Has 'Exhausted All Plausible Legal Options',Opinion
knownbuyer3,"Judge Dismisses Trump Campaign?s Pennsylvania Lawsuit, Slams ?Strained? Reasoning; This only helps these cases reach higher levels of court because signed affidavits are admissible in court",Government
whitten93,Biden's Surge In Polls Motivated By Fear,Election
tenshon,Trump campaign files for new recount in Georgia,Election
BranofRaisin,Top House conservative plots post-Trump GOP,Government
livinginbizzaroworld,Trump Announces Groundbreaking Rules to Lower Prescription Drug Prices,Government
JonnyBlizzard,"Release: Toomey Statement on PA Federal Court Decision, Congratulates President-elect Biden | U.S. Senator Pat Toomey of Pennsylvania",Government
guanaco55,Biden to ?Racist? Trump Voters: ?Let?s Heal.? That?s Easy for Him to Say.,Opinion
whitten93,Study: Biden won thousands of illegal votes by noncitizens,Election
undue-influence,A Circuit Breaker on Election Night? (...nearly 30 percent of Democrat voters think the election was stolen from Trump),Election
radunas,Merkel's Germany Tells Trump Not to Bring Troops Home from Afghanistan,External
MuniPal,Dr. Ben Carson: Trump Saved My Life After I Got COVID,Opinion
canfbar,"Here Comes the Biden Blame Game - If the double-dip recession hits next year, Biden will remind us over and over that it?s Donald Trump?s fault. He?ll be wrong.",Election
tomoon,Detroit voters sue President Trump over his attempt to block certification of election results,Regional
bobbyw24,"If the double-dip recession hits next year, Biden will remind us over and over that it?s Donald Trump?s fault. He?ll be wrong.",Society
Foubar_ghost,Michigan AG Suggests Criminally Charging Republican Legislators for Meeting With Trump,Regional
whitten93,NY Mag Scientifically Proves Biden Supporters Are Racist,Regional
TheBaronOfTheNorth,FDA Grants Emergency Use Authorization To Antibody Cocktail Used By Trump,Government
romark1965,Berkeley professor sparks outrage by claiming Trump supporters who have an 'indifference' to COVID are like Germans who 'ignored and profited from the Holocaust',Society
Winterhold2000,Mark Levin: Letting Trump's legal efforts play out far better than 'what the Democrats are doing to our institutions',Opinion
TheYoungLung,Trump campaign statement on Pennsylvania ruling,Regional
geocentrist,Michigan Legislators Face Calls For Possible Criminal Charges After Meeting With President Trump On Certification,Regional
guanaco55,Trump Lawyers: Pennsylvania Lawsuit Dismissal Moves Us Closer to Supreme Court,Government
cjdurrek,FDA Grants Emergency Use Authorization To Antibody Cocktail Used By Trump,Government
tenshon,"McEnany: Trump's path to victory is Supreme Court, exposing 'systemic' voter fraud",Opinion
Shlomo_Maistre,"LIVE: March for Trump in Atlanta, Georgia",Society
XIIXOO,Twitter says it will hand control of US president's official account to Joe Biden on January 20 - regardless of whether Donald Trump has left the White House,Opinion
LawVol99,Trump?s gains in North Philly show Latino voters are not a ?gimme? for Democrats,Society
HighRoller390,"Once an election has been shown dirty, all voters have been disenfranchised- ""Joe Biden won illegal votes from thousands of noncitizens, study shows""",Election
Doc_Liberty,Merkel's Germany Tells Trump Not to Bring Troops Home from Afghanistan,External
guanaco55,"Georgia Gov. Kemp Calls for Audit, Says Trump Can Demand New Recount",Regional
